{
  "mae": 3898.214319830155,
  "rmse": 6953.699876038698,
  "r2": 0.7744930536898242,
  "mape": 43.54554248627247
}